annee,codtra,codfil,codniv
2025/2026,Inscription,AFI,01
2025/2026,Inscription,AFI,02
2025/2026,Inscription,AMA,01
2025/2026,Inscription,AMA,02
2025/2026,Inscription,BAT,01
2025/2026,Inscription,BAT,02
2025/2026,Inscription,BST,01
2025/2026,Inscription,BST,02
2025/2026,Inscription,BTSET,01
2025/2026,Inscription,BTSET,02
2025/2026,Inscription,CFP,01
2025/2026,Inscription,CGE,01
2025/2026,Inscription,CGE,02
2025/2026,Inscription,CHS,01
2025/2026,Inscription,CHS,02
2025/2026,Inscription,CMN,01
2025/2026,Inscription,CMN,02
2025/2026,Inscription,COM,01
2025/2026,Inscription,COM,02
2025/2026,Inscription,ELN,01
2025/2026,Inscription,ELN,02
2025/2026,Inscription,FCL,01
2025/2026,Inscription,FCL,02
2025/2026,Inscription,FME,01
2025/2026,Inscription,FME,02
2025/2026,Inscription,GSI,01
2025/2026,Inscription,GSI,02
2025/2026,Inscription,GTO,01
2025/2026,Inscription,GTO,02
2025/2026,Inscription,HNDET,01
2025/2026,Inscription,HNDET,02
2025/2026,Inscription,HRM,01
2025/2026,Inscription,HRM,02
2025/2026,Inscription,IGL,01
2025/2026,Inscription,IGL,02
2025/2026,Inscription,IH,01
2025/2026,Inscription,IH,02
2025/2026,Inscription,ISA,01
2025/2026,Inscription,ISA,02
2025/2026,Inscription,IWD ,
2025/2026,Inscription,IWD,01
2025/2026,Inscription,IWD,02
2025/2026,Inscription,LGA,01
2025/2026,Inscription,LTM,01
2025/2026,Inscription,LTM,02
2025/2026,Inscription,MAV,01
2025/2026,Inscription,MAV,02
2025/2026,Inscription,MEB,01
2025/2026,Inscription,MEB,02
2025/2026,Inscription,MEC,01
2025/2026,Inscription,MEC,02
2025/2026,Inscription,MID,01
2025/2026,Inscription,MID,02
2025/2026,Inscription,MID,03
2025/2026,Inscription,MKA,01
2025/2026,Inscription,MKA,02
2025/2026,Inscription,MLS,01
2025/2026,Inscription,MLS,02
2025/2026,Inscription,MLS,03
2025/2026,Inscription,NUS,01
2025/2026,Inscription,NUS,02
2025/2026,Inscription,NUS,03
2025/2026,Inscription,PHT,01
2025/2026,Inscription,PHT,02
2025/2026,Inscription,PHT,03
2025/2026,Inscription,PHY,01
2025/2026,Inscription,PHY,02
2025/2026,Inscription,PHY,03
2025/2026,Inscription,PTE,01
2025/2026,Inscription,PTE,02
2025/2026,Inscription,QMA,01
2025/2026,Inscription,QMA,02
2025/2026,Inscription,RS,01
2025/2026,Inscription,RS,02
2025/2026,Inscription,SFM,01
2025/2026,Inscription,SFM,02
2025/2026,Inscription,SFM,03
2025/2026,Inscription,SIN,01
2025/2026,Inscription,SIN,02
2025/2026,Inscription,SIN,03
2025/2026,Inscription,SM,01
2025/2026,Inscription,SM,02
2025/2026,Inscription,TEL,01
2025/2026,Inscription,TEL,02
2025/2026,Inscription,TLB,01
2025/2026,Inscription,TLB,02
2025/2026,Inscription,TLB,03
2025/2026,Inscription,TOUS,01
2025/2026,Tranche1,AFI,01
2025/2026,Tranche1,AFI,02
2025/2026,Tranche1,AMA,01
2025/2026,Tranche1,AMA,02
2025/2026,Tranche1,BAT,01
2025/2026,Tranche1,BAT,02
2025/2026,Tranche1,BST,01
2025/2026,Tranche1,BST,02
2025/2026,Tranche1,BTSET,01
2025/2026,Tranche1,BTSET,02
2025/2026,Tranche1,CFP,01
2025/2026,Tranche1,CGE,01
2025/2026,Tranche1,CGE,02
2025/2026,Tranche1,CHS,01
2025/2026,Tranche1,CHS,02
2025/2026,Tranche1,CMN,01
2025/2026,Tranche1,CMN,02
2025/2026,Tranche1,COM,01
2025/2026,Tranche1,COM,02
2025/2026,Tranche1,ELN,01
2025/2026,Tranche1,ELN,02
2025/2026,Tranche1,FCL,01
2025/2026,Tranche1,FCL,02
2025/2026,Tranche1,FME,01
2025/2026,Tranche1,FME,02
2025/2026,Tranche1,GSI,01
2025/2026,Tranche1,GSI,02
2025/2026,Tranche1,GTO,01
2025/2026,Tranche1,GTO,02
2025/2026,Tranche1,HNDET,01
2025/2026,Tranche1,HNDET,02
2025/2026,Tranche1,HRM,01
2025/2026,Tranche1,HRM,02
2025/2026,Tranche1,IGL,01
2025/2026,Tranche1,IGL,02
2025/2026,Tranche1,IH,01
2025/2026,Tranche1,IH,02
2025/2026,Tranche1,ISA,01
2025/2026,Tranche1,ISA,02
2025/2026,Tranche1,IWD ,
2025/2026,Tranche1,IWD,01
2025/2026,Tranche1,IWD,02
2025/2026,Tranche1,LGA,01
2025/2026,Tranche1,LTM,01
2025/2026,Tranche1,LTM,02
2025/2026,Tranche1,MAV,01
2025/2026,Tranche1,MAV,02
2025/2026,Tranche1,MEB,01
2025/2026,Tranche1,MEB,02
2025/2026,Tranche1,MEC,01
2025/2026,Tranche1,MEC,02
2025/2026,Tranche1,MID,01
2025/2026,Tranche1,MID,02
2025/2026,Tranche1,MID,03
2025/2026,Tranche1,MKA,01
2025/2026,Tranche1,MKA,02
2025/2026,Tranche1,MLS,01
2025/2026,Tranche1,MLS,02
2025/2026,Tranche1,MLS,03
2025/2026,Tranche1,NUS,01
2025/2026,Tranche1,NUS,02
2025/2026,Tranche1,NUS,03
2025/2026,Tranche1,PHT,01
2025/2026,Tranche1,PHT,02
2025/2026,Tranche1,PHT,03
2025/2026,Tranche1,PHY,01
2025/2026,Tranche1,PHY,02
2025/2026,Tranche1,PHY,03
2025/2026,Tranche1,PTE,01
2025/2026,Tranche1,PTE,02
2025/2026,Tranche1,QMA,01
2025/2026,Tranche1,QMA,02
2025/2026,Tranche1,RS,01
2025/2026,Tranche1,RS,02
2025/2026,Tranche1,SFM,01
2025/2026,Tranche1,SFM,02
2025/2026,Tranche1,SFM,03
2025/2026,Tranche1,SIN,01
2025/2026,Tranche1,SIN,02
2025/2026,Tranche1,SIN,03
2025/2026,Tranche1,SM,01
2025/2026,Tranche1,SM,02
2025/2026,Tranche1,TEL,01
2025/2026,Tranche1,TEL,02
2025/2026,Tranche1,TLB,01
2025/2026,Tranche1,TLB,02
2025/2026,Tranche1,TLB,03
2025/2026,Tranche1,TOUS,01
2025/2026,Tranche2,AFI,01
2025/2026,Tranche2,AFI,02
2025/2026,Tranche2,AMA,01
2025/2026,Tranche2,AMA,02
2025/2026,Tranche2,BAT,01
2025/2026,Tranche2,BAT,02
2025/2026,Tranche2,BST,01
2025/2026,Tranche2,BST,02
2025/2026,Tranche2,BTSET,01
2025/2026,Tranche2,BTSET,02
2025/2026,Tranche2,CFP,01
2025/2026,Tranche2,CGE,01
2025/2026,Tranche2,CGE,02
2025/2026,Tranche2,CHS,01
2025/2026,Tranche2,CHS,02
2025/2026,Tranche2,CMN,01
2025/2026,Tranche2,CMN,02
2025/2026,Tranche2,COM,01
2025/2026,Tranche2,COM,02
2025/2026,Tranche2,ELN,01
2025/2026,Tranche2,ELN,02
2025/2026,Tranche2,FCL,01
2025/2026,Tranche2,FCL,02
2025/2026,Tranche2,FME,01
2025/2026,Tranche2,FME,02
2025/2026,Tranche2,GSI,01
2025/2026,Tranche2,GSI,02
2025/2026,Tranche2,GTO,01
2025/2026,Tranche2,GTO,02
2025/2026,Tranche2,HNDET,01
2025/2026,Tranche2,HNDET,02
2025/2026,Tranche2,HRM,01
2025/2026,Tranche2,HRM,02
2025/2026,Tranche2,IGL,01
2025/2026,Tranche2,IGL,02
2025/2026,Tranche2,IH,01
2025/2026,Tranche2,IH,02
2025/2026,Tranche2,ISA,01
2025/2026,Tranche2,ISA,02
2025/2026,Tranche2,IWD ,
2025/2026,Tranche2,IWD,01
2025/2026,Tranche2,IWD,02
2025/2026,Tranche2,LGA,01
2025/2026,Tranche2,LTM,01
2025/2026,Tranche2,LTM,02
2025/2026,Tranche2,MAV,01
2025/2026,Tranche2,MAV,02
2025/2026,Tranche2,MEB,01
2025/2026,Tranche2,MEB,02
2025/2026,Tranche2,MEC,01
2025/2026,Tranche2,MEC,02
2025/2026,Tranche2,MID,01
2025/2026,Tranche2,MID,02
2025/2026,Tranche2,MID,03
2025/2026,Tranche2,MKA,01
2025/2026,Tranche2,MKA,02
2025/2026,Tranche2,MLS,01
2025/2026,Tranche2,MLS,02
2025/2026,Tranche2,MLS,03
2025/2026,Tranche2,NUS,01
2025/2026,Tranche2,NUS,02
2025/2026,Tranche2,NUS,03
2025/2026,Tranche2,PHT,01
2025/2026,Tranche2,PHT,02
2025/2026,Tranche2,PHT,03
2025/2026,Tranche2,PHY,01
2025/2026,Tranche2,PHY,02
2025/2026,Tranche2,PHY,03
2025/2026,Tranche2,PTE,01
2025/2026,Tranche2,PTE,02
2025/2026,Tranche2,QMA,01
2025/2026,Tranche2,QMA,02
2025/2026,Tranche2,RS,01
2025/2026,Tranche2,RS,02
2025/2026,Tranche2,SFM,01
2025/2026,Tranche2,SFM,02
2025/2026,Tranche2,SFM,03
2025/2026,Tranche2,SIN,01
2025/2026,Tranche2,SIN,02
2025/2026,Tranche2,SIN,03
2025/2026,Tranche2,SM,01
2025/2026,Tranche2,SM,02
2025/2026,Tranche2,TEL,01
2025/2026,Tranche2,TEL,02
2025/2026,Tranche2,TLB,01
2025/2026,Tranche2,TLB,02
2025/2026,Tranche2,TLB,03
2025/2026,Tranche2,TOUS,01
